[
 {
   "country_code": "MY",
   "state": "Johor",
   "area": "Batu Pahat",
   "name": "Yap Lian Hau",
   "address": "20, Jalan Rotan Cucur, Taman Sri Jaya, 83000 Batu Pahat, Johor. ",
   "contact_no": "07-4318379, 019-758 2145"
 },
 {
   "country_code": "MY",
   "state": "Johor",
   "area": "Kluang",
   "name": "Hii Pick Ling",
   "address": "No. 47, 1st Floor, Jalan Lambak, 86000 Kluang, Johor. ",
   "contact_no": "07-777 1778, 019-717 8292"
 },
 {
   "country_code": "MY",
   "state": "Johor",
   "area": "Kulai",
   "name": "Loh Nyok Yoon",
   "address": "No.17, Tingkat 1, Jalan Anggerik 1, Taman Kulai Utama, 81000 Kulai, Johor.",
   "contact_no": "07-663 9182, 012-770 3503"
 },
 {
   "country_code": "MY",
   "state": "Johor",
   "area": "Mersing",
   "name": "Fatimah Binti Salam",
   "address": "30-1, Jln Dato Mohd Ali, 86800 Mersing, Johor.",
   "contact_no": "07-798 0359, 019-711 1457"
 },
 {
   "country_code": "MY",
   "state": "Johor",
   "area": "Muar",
   "name": "Kenny Yaw Ah Bak",
   "address": "1-20, Jalan Indah 2/1, Taman Indah, Jalan Hj. Abdullah, 84000 Muar, Johor.",
   "contact_no": "06-954 2333, 012-798 2333, 012-283 5558"
 },
 {
   "country_code": "MY",
   "state": "Johor",
   "area": "Pasir Gudang",
   "name": "Tan Kwee Peng",
   "address": "23A, Jalan Perdagangan Damai, Nusa Damai, 81700 Pasir Gudang, Johor.",
   "contact_no": "07-255 1970, 016-227 9476, 016-336 1867"
 },
 {
   "country_code": "MY",
   "state": "Johor",
   "area": "Pontian",
   "name": "Ang Phaik Kee",
   "address": "92, Jalan Sentosa 5, Taman Sentosa, 82000 Pontian, Johor.",
   "contact_no": "07-686 7442, 016-717 0806 "
 },
 {
   "country_code": "MY",
   "state": "Johor",
   "area": "Segamat",
   "name": "Nadia Binti Johari",
   "address": "No. 14, Jalan Utama 2/9, Taman Utama, 85000 Segamat, Johor.",
   "contact_no": "07-932 3119, 012-372 2199"
 },
 {
   "country_code": "MY",
   "state": "Johor",
   "area": "Skudai",
   "name": "Wang Swee Kwang",
   "address": "No. 54, Jalan Utama 44, Taman Mutiara Rini, 81300 Skudai, Johor.",
   "contact_no": "07-556 1864, 016-715 2809"
 },
 {
   "country_code": "MY",
   "state": "Johor",
   "area": "Tmn Pelangi, Johor Bahru",
   "name": "Lee Kwong Boon",
   "address": "112A, Jalan Serampang, Taman Pelangi, 80400 Johor Baru, Johor.",
   "contact_no": "07-334 0360, 019-754 7254"
 },
 {
   "country_code": "MY",
   "state": "Kedah",
   "area": "Alor Setar",
   "name": "Ng Hoo Chew",
   "address": "No. 56, Jalan Utama 3/1, Kompleks Perniagaan Utama Sultanah Sambungan, Jalan Sultanah Sambungan, 06250 Alor Setar, Kedah.",
   "contact_no": "04-735 1168, 012-499 3168"
 },
 {
   "country_code": "MY",
   "state": "Kedah",
   "area": "Changlun",
   "name": "Chan Hin Sun",
   "address": "39A, Pekan Baru Changlun, 06010 Changlun, Kedah.",
   "contact_no": "04-924 1798, 012-402 9903"
 },
 {
   "country_code": "MY",
   "state": "Kedah",
   "area": "Kulim",
   "name": "Seng Kok Choy",
   "address": "301, Lorong Keranji, Taman Keranji 2, 09000 Kulim, Kedah.",
   "contact_no": "04-493 1737, 019-470 4362"
 },
 {
   "country_code": "MY",
   "state": "Kelantan",
   "area": "Kuala Krai",
   "name": "Tan Soon Pang",
   "address": "PT4386, Tkt 1, Taman Guchil Jaya, Kawasan Bandar, 18000 Kuala Krai, Kelantan.",
   "contact_no": "09-960 3822, 012-949 8933"
 },
 {
   "country_code": "MY",
   "state": "Kelantan",
   "area": "Kubang Kerian, Kota Bharu",
   "name": "Chu Hau Ling",
   "address": "PT 814, Bandar Baru Kubang Kerian, 16150 Kota Bharu, Kelantan.",
   "contact_no": "09-766 6099, 017-966 1833"
 },
 {
   "country_code": "MY",
   "state": "Kelantan",
   "area": "Tumpat",
   "name": "Chiang Minn Yiong",
   "address": "24, Kampung Chabang Empat, 16210 Tumpat, Kelantan.",
   "contact_no": "09-719 0109, 017-988 5067"
 },
 {
   "country_code": "MY",
   "state": "Wilayah Persekutuan",
   "area": "Batu 3 1/2 (PGRM), Cheras",
   "name": "Yew Sook Ee",
   "address": "105-A Villa Shoplex, Pudu Impian 3, Jalan Pudu Ulu, (near PGRM) Batu 3 1/2, Cheras 56100 Kuala Lumpur. ",
   "contact_no": "03-9281 8981, 012-382 8228"
 },
 {
   "country_code": "MY",
   "state": "Wilayah Persekutuan",
   "area": "Kepong",
   "name": "Stacy Chen",
   "address": "39-3 Jalan Metro Perdana Barat 1, Taman Usahawan Kepong Utara, 52100 Kuala Lumpur. ",
   "contact_no": "03-6257 6344, 016-262 3321"
 },
 {
   "country_code": "MY",
   "state": "Wilayah Persekutuan",
   "area": "Sentul",
   "name": "Seng Yoke Yin",
   "address": "18-3, Jalan 14/48A, Sentul Raya Boulevard, Jalan Sentul, 51000 Kuala Lumpur.",
   "contact_no": "03-4041 6553, 016-218 4880"
 },
 {
   "country_code": "MY",
   "state": "Wilayah Persekutuan",
   "area": "Tmn Connaught, Cheras",
   "name": "Too Ngit Moy",
   "address": "No. 181-1, Jalan Sarjana, Taman Connaught, Cheras, 56000 Kuala Lumpur.",
   "contact_no": "03-9130 6293, 012-219 6698, 012-311 2146"
 },
 {
   "country_code": "MY",
   "state": "Labuan",
   "area": "Labuan",
   "name": "Lim Bee Eng, Doreen",
   "address": "1st Floor, Block D, Lot 6, Saguking Warehouse, Jalan Patau-Patau, 87023 WP Labuan. ",
   "contact_no": "087-418 168, 012-815 8956"
 },
 {
   "country_code": "MY",
   "state": "Melaka",
   "area": "Tmn Kota Syahbandar",
   "name": "Koh Gek Leng",
   "address": "15, Jalan KSB 3, Taman Syahbandar, 75200 Melaka.",
   "contact_no": "06-288 0141, 012-683 9293"
 },
 {
   "country_code": "MY",
   "state": "Negeri Sembilan",
   "area": "Jln Tuanku Antah, Seremban",
   "name": "Chan Lim Thai, Rendy",
   "address": "143, 1st Floor, Jalan Tuanku Antah, 70100 Seremban, Negeri Sembilan.",
   "contact_no": "06-762 3643, 012-318 1226"
 },
 {
   "country_code": "MY",
   "state": "Negeri Sembilan",
   "area": "Jln Tun Dr Ismail, Seremban",
   "name": "Yap Mei Jiuan, Carol",
   "address": "1-H, Jalan Tun Dr. Ismail 70200 Seremban, Negeri Sembilan.",
   "contact_no": "06-761 7198, 019-660 6328, 012-393 4667"
 },
 {
   "country_code": "MY",
   "state": "Pahang",
   "area": "Bentong",
   "name": "Leong Lai Fong, Vivien",
   "address": "No.111 Atas, Jalan Tan Sri Chan Siang Sang, 28700 Bentong, Pahang. ",
   "contact_no": "09-223 5763, 017-336 2791"
 },
 {
   "country_code": "MY",
   "state": "Pahang",
   "area": "Cameron Highlands",
   "name": "Poh Poi Poi",
   "address": "Lot F-6/3, Jalan Besar, 39010 Kampung Raja, Cameron Highlands, Pahang. ",
   "contact_no": "012-516 9719"
 },
 {
   "country_code": "MY",
   "state": "Pahang",
   "area": "Kuantan",
   "name": "Leong Boon Yoon",
   "address": "A-9, Lorong Tun Ismail 12, Sri Dagangan 2, 25000 Kuantan, Pahang. ",
   "contact_no": "09-513 9860, 013-931 3363"
 },
 {
   "country_code": "MY",
   "state": "Pahang",
   "area": "Maran",
   "name": "Yusnita Binti Che Mamat",
   "address": "Lot A1-15, Tingkat 1, Wisma Wong Chek Cho, (Pasaraya Sakan), 26500 Maran, Pahang",
   "contact_no": "09-4771276, 016-9249277, 014-5343581"
 },
 {
   "country_code": "MY",
   "state": "Pahang",
   "area": "Temerloh",
   "name": "Hoi Mei Leng",
   "address": "F-161, 1st Floor, Jalan Selayang, 28000 Temerloh, Pahang.",
   "contact_no": "09-296 1675, 012-965 7621"
 },
 {
   "country_code": "MY",
   "state": "Pahang",
   "area": "Triang",
   "name": "Sam Yoke Kheng",
   "address": "1st Floor, Lot 6317, Tmn. Kerayong, 28300 Triang, Pahang.",
   "contact_no": "09-256 2396, 019-931 6838"
 },
 {
   "country_code": "MY",
   "state": "Pulau Pinang",
   "area": "Batu Lanchang",
   "name": "Alice Hong Seok Poh",
   "address": "19K, 1st Floor, Lebuhraya Batu Lanchang, Taman Sri Damai 11600 Penang.",
   "contact_no": "04-659 9825, 016-422 9097"
 },
 {
   "country_code": "MY",
   "state": "Pulau Pinang",
   "area": "Bukit Mertajam",
   "name": "Teoh Joo How",
   "address": "92A (1st Floor), Jalan Tembikai, Taman Mutiara, 14000 Bukit Mertajam, Penang.",
   "contact_no": "04-530 7967, 016-417 6908"
 },
 {
   "country_code": "MY",
   "state": "Pulau Pinang",
   "area": "Butterworth",
   "name": "Cheah Saw Sim",
   "address": "6214, Jalan Ong Yi How, Taman Dedap, 13400 Butterworth, Penang.",
   "contact_no": "04-333 7928, 012-721 7928"
 },
 {
   "country_code": "MY",
   "state": "Pulau Pinang",
   "area": "Air Itam",
   "name": "Chuah Chun Kit",
   "address": "45B, Medan Angsana, Bandar Air Itam, 11500 Air Itam, Penang.",
   "contact_no": "04-826 2316, 016-418 9696"
 },
 {
   "country_code": "MY",
   "state": "Pulau Pinang",
   "area": "Relau",
   "name": "Chew Wai Soon",
   "address": "88V-1, Jalan Tun Dr. Awang, 11900 Relau, Penang.",
   "contact_no": "04-642 9803, 016-419 9839"
 },
 {
   "country_code": "MY",
   "state": "Perak",
   "area": "Bidor",
   "name": "Lee Fong Leng",
   "address": "N-18, Jalan Bidor Raya, 35500 Bidor, Perak. ",
   "contact_no": "05-434 5811, 016-558 4203"
 },
 {
   "country_code": "MY",
   "state": "Perak",
   "area": "Ipoh",
   "name": "Chew Hon Yen",
   "address": "G-11, G-13, Jalan Medan Ipoh 10, Bandar Baru Medan Ipoh, 31400 Ipoh, Perak.",
   "contact_no": "05-548 7012, 012-507 3736"
 },
 {
   "country_code": "MY",
   "state": "Perak",
   "area": "Kampar",
   "name": "Lew Sheau Peng",
   "address": "No. 22A, 1st Floor, Jalan Pejabat Pos, 31900 Kampar, Perak.",
   "contact_no": "05-465 8536, 012-512 1088"
 },
 {
   "country_code": "MY",
   "state": "Perak",
   "area": "Kuala Kangsar",
   "name": "Roselina Yahya",
   "address": "32, 1st Floor, Jalan Raja Chulan, 33000 Kuala Kangsar, Perak.",
   "contact_no": "05-777 7343, 012-258 0646"
 },
 {
   "country_code": "MY",
   "state": "Perak",
   "area": "Parit Buntar",
   "name": "Ng Kam Chuan",
   "address": "16A, Jalan Keli, Taman Kerian Permai, 34200 Parit Buntar, Perak.",
   "contact_no": "05-716 7768, 017-500 7768, 017-431 7768"
 },
 {
   "country_code": "MY",
   "state": "Perak",
   "area": "Sg Siput",
   "name": "Cheng Soo Kian",
   "address": "211, Tmn Jalong Baru, 31100, Sg. Siput (U), Perak.",
   "contact_no": "05-598 2988, 013-584 6360"
 },
 {
   "country_code": "MY",
   "state": "Perak",
   "area": "Sri Manjung, Sitiawan",
   "name": "Kok Ching Kwong",
   "address": "140, Pusat Perniagaan Manjung, 32040 Sri Manjung, Perak.",
   "contact_no": "05-688 6840, 013-518 8889"
 },
 {
   "country_code": "MY",
   "state": "Perak",
   "area": "Taiping",
   "name": "Lim Ah Hong",
   "address": "No. 157, Jalan Kota, 34000 Taiping, Perak.",
   "contact_no": "05-807 8392, 012-515 6009"
 },
 {
   "country_code": "MY",
   "state": "Perlis",
   "area": "Kangar",
   "name": "Teh Ting Chai",
   "address": "No. 21, 1st Floor, Tmn. Sena Indah, Simpang 3, 01000 Kangar, Perlis.",
   "contact_no": "04-977 1427, 012-429 0652, 012-495 9318"
 },
 {
   "country_code": "MY",
   "state": "Sabah",
   "area": "Keningau",
   "name": "Lee Guat Hua",
   "address": "1st Floor, Lot 03, Adik Komeril kompleks, 89008 Keningau, Sabah.  ",
   "contact_no": "087-336 988, 019-822 8755"
 },
 {
   "country_code": "MY",
   "state": "Sabah",
   "area": "Sandakan",
   "name": "Winne Chu Pet Yun",
   "address": "Lot G15 & F15, Block A, Liberty Parade, Bandar Kim Fung, Mile 4, North Road, 90000 Sandakan, Sabah. ",
   "contact_no": "089-238 239, 016-831 3332"
 },
 {
   "country_code": "MY",
   "state": "Sabah",
   "area": "Tuaran",
   "name": "Doreen Teo Chwee Wee",
   "address": "Lot 11,Tingkat 1,Tuaran Point, Jln Pagoda Ling Shan, 89207 Tuaran, Sabah.",
   "contact_no": "088-793 987, 016-583 7863"
 },
 {
   "country_code": "MY",
   "state": "Sarawak",
   "area": "Bintulu",
   "name": "Tony Tan Yong Choon",
   "address": "Lot 7646 1st Floor, Medan Raya Commercial Centre, 97000 Bintulu, Sarawak.",
   "contact_no": "086-319 331, 019-855 7483"
 },
 {
   "country_code": "MY",
   "state": "Sarawak",
   "area": "Kuching",
   "name": "Wong Hsin Yee",
   "address": "5421, Ground Floor, Lorong Lapangan Terbang 1, 93250 Kuching, Sarawak. ",
   "contact_no": "082-573 080, 016-860 8018"
 },
 {
   "country_code": "MY",
   "state": "Sarawak",
   "area": "Kuching Serian",
   "name": "Lai Chii Hing",
   "address": "No. 45, 1st Floor, Tapah Bazaar, 22nd Miles Kuching-Serian Road, 94200 Kuching, Sarawak.",
   "contact_no": "082-867 277, 013-801 8319"
 },
 {
   "country_code": "MY",
   "state": "Sarawak",
   "area": "Miri",
   "name": "Sri Widari",
   "address": "Lot 588, Block 9, Grd Floor, Jalan Yu Seng Utara, 98000 Miri, Sarawak. ",
   "contact_no": "085-419 366, 016-876 1388"
 },
 {
   "country_code": "MY",
   "state": "Sarawak",
   "area": "Sarikei",
   "name": "Ling King Hua",
   "address": "No. 5, Lorong 3, 1st Floor, Jalan Jubilee Mutiara, 96100 Sarikei, Sarawak. ",
   "contact_no": "084-651 599, 016-863 3599"
 },
 {
   "country_code": "MY",
   "state": "Sarawak",
   "area": "Sibu",
   "name": "Hoo Kie Hung",
   "address": "No. 7 , G/F, Jalan Merdeka Barat, 96000 Sibu, Sarawak.",
   "contact_no": "084-332 022"
 },
 {
   "country_code": "MY",
   "state": "Sarawak",
   "area": "Sri Aman",
   "name": "Ng Chin Woo",
   "address": "No 89A, 1st Floor, Club Road, 95000 Sri Aman, Sarawak.",
   "contact_no": "083-326 076, 017-808 7090"
 },
 {
   "country_code": "MY",
   "state": "Selangor",
   "area": "Ampang",
   "name": "Lee Choo",
   "address": "B-10-2, Jalan Utama 2/2, One Ampang Avenue, 68000 Ampang, Selangor.",
   "contact_no": "03-4251 1288, 012-207 9323"
 },
 {
   "country_code": "MY",
   "state": "Selangor",
   "area": "Kajang",
   "name": "Ng Yee Kian, Kelvin",
   "address": "7A, Mezzanine Floor, Jalan MJ1/1, Taman Majlis Jaya, Sungai Chua, 43000 Kajang, Selangor. ",
   "contact_no": "03-8739 9928, 012-313 1775, 012-224 6770"
 },
 {
   "country_code": "MY",
   "state": "Selangor",
   "area": "Kota Kemuning, Shah Alam",
   "name": "Low Teik Chai",
   "address": "3A, Jln Anggerik Aranda C/31C, Seksyen 31, Kota Kemuning 40460 Shah Alam, Selangor. ",
   "contact_no": "03-5122 9188, 012-282 0359, 012-282 7518"
 },
 {
   "country_code": "MY",
   "state": "Selangor",
   "area": "Petaling Jaya",
   "name": "Seng Yoke May",
   "address": "1st Floor, No. 4, Jalan 21/19, Sea Park, 46300 Petaling Jaya, Selangor. ",
   "contact_no": "03-7876 2250, 012-345 6986"
 },
 {
   "country_code": "MY",
   "state": "Selangor",
   "area": "Sg Buloh",
   "name": "Er Kim Chai",
   "address": "No. 56A, Jalan BRP1/2, Bukit Rahman Putra, 47000 Sungai Buloh, Selangor.",
   "contact_no": "03-6151 6369, 010-226 1699"
 },
 {
   "country_code": "MY",
   "state": "Selangor",
   "area": "Tmn Bayu Perdana, Klang",
   "name": "Choo Shiang Ker",
   "address": "234A, Jalan Batu Unjur 7, Taman Bayu Perdana, 41200 Klang, Selangor. ",
   "contact_no": "03-3324 3910, 011-353 1491"
 },
 {
   "country_code": "MY",
   "state": "Selangor",
   "area": "USJ, Subang Jaya",
   "name": "Lee Chui Yoon, Ann",
   "address": "No. 5-2, 5-3 Jalan USJ 21/5, 47600 UEP Subang Jaya, Selangor.",
   "contact_no": "03-8081 0705, 010-232 8411"
 },
 {
   "country_code": "MY",
   "state": "Terengganu",
   "area": "Gong Badak, Kuala Terengganu",
   "name": "Ahmad Rusydan B. Suhaimi ",
   "address": "16132/D, Jalan Tengku Ampuan Intan Zaharah, Gong Badak, 21300 Kuala Terengganu, Terengganu (Depan Unisza).",
   "contact_no": "09-666 1179, 019-980 0317"
 },
 {
   "country_code": "MY",
   "state": "Terengganu",
   "area": "Kemaman",
   "name": "Norazni Bte Izam",
   "address": "K-4532, Jalan Jakar Kemaman, 24000 Terengganu.",
   "contact_no": "09-859 6445, 019-915 4908"
 },
 {
   "country_code": "MY",
   "state": "Terengganu",
   "area": "Kuala Terengganu",
   "name": "Lim Chek Mee",
   "address": "Lot 3936, 1st Floor, Jalan Sultan Sulaiman, 20000 Kuala Terengganu. ",
   "contact_no": "09-622 1939, 013-921 9988"
 },
  {
    "country_code": "SG",
    "state": "",
    "area": "Singapore (Head Office)",
    "name": "Singapore (Head Office)",
    "address": "No. 1 Sims Lane, #03-03/04, Singapore 387355",
    "contact_no": "+65 6746 4911"
  },
  {
    "country_code": "SG",
    "state": "",
    "area": "Jurong East",
    "name": "Jurong Stockist",
    "address": "Blk 303 Jurong East St 32 #01-88, Singapore 600303",
    "contact_no": "+65 6562 5156, +65 9459 9472"
  },
  {
    "country_code": "SG",
    "state": "",
    "area": "Tampines",
    "name": "Tampines Stockist",
    "address": "No. 5 Tampines St 32, #02-07, Tampines Mart Singapore 29284",
    "contact_no": "+65 67835955, +65 91003211"
  },
   {
     "country_code": "TW",
     "state": "",
     "area": "Taichung (Head Office)",
     "name": "Taichung (Head Office)",
     "address": "8F., No. 220, Sec. 2, Taiwan Blvd., West Dist., Taichung City 40354, Taiwan.",
     "contact_no": "+886-4-2329 2786"
   },
   {
     "country_code": "TW",
     "state": "",
     "area": "Kaohsiung",
     "name": "Kaohsiung (Business Centre)",
     "address": "Rm. 3, 3F., No.12, Bo’ai 3rd Rd.,Zuoying Dist., Kaohsiung City 81367, Taiwan.",
     "contact_no": "+886-7-3488 777"
   },
   {
     "country_code": "HK",
     "state": "",
     "area": "Hong Kong (Head Office)",
     "name": "Hong Kong (Head Office)",
     "address": "ROOM 3601, 36/F, CHUBB TOWER, WINDSOR HOUSE, 311 GLOUCESTER ROAD, CAUSEWAY BAY, HONG KONG",
     "contact_no": "00-852-3181 5000"
   },
   {
     "country_code": "BN",
     "state": "",
     "area": "Brunei (Head Office)",
     "name": "Brunei (Head Office)",
     "address": "Block B, Unit 6, 7 & 8, Setia Kenangan 2, Spg 150-5-13-18, Jalan Jame'Asr Kg Kiarong, Mukim Gadong B BE 1318, Brunei Darussalam.",
     "contact_no": "+673 223 6127"
   },
   {
     "country_code": "TH",
     "state": "",
     "area": "Thailand (Head Office)",
     "name": "Thailand (Head Office)",
     "address": "1 FORTUNE TOWN, 20TH FLOOR, RATCHADAPHISEK RD., DINDAENG, BANGKOK 10400.",
     "contact_no": "00-662-096 1945"
   },
   {
     "country_code": "KH",
     "state": "",
     "area": "Cambodia (Head Office)",
     "name": "Cambodia (Head Office)",
     "address": "#28, E2, THE iCON PROFESSIONAL BUILDING, 216, NORODOM BLVD, TONLE BASAAC, CHAMKARMON, PHNOM PENH, 12301 CAMBODIA.",
     "contact_no": "00-855-2398 2323"
   },
   {
     "country_code": "PH",
     "state": "",
     "area": "Philippines (Head Office)",
     "name": "Philippines (Head Office)",
     "address": "UNIT 101, PARC ROYALE BUILDING, JULIA VARGAS AVENUE, ORTIGAS 1605, PASIG CITY, MANILA, PHILIPPINES.",
     "contact_no": "00-63-905 212 5908, 00-63-928 632 0211, 00-63-535 2282"
   }
]